Time,Open,High,Low,Last,Change,%Change,Volume
"2025-09-12 15:48",97.644,97.646,97.607,97.615,-0.03,-0.03%,0
"2025-09-12 15:36",97.651,97.658,97.644,97.645,-0.005,-0.01%,0
"2025-09-12 15:24",97.631,97.651,97.631,97.65,0.019,+0.02%,0
"2025-09-12 15:12",97.642,97.645,97.626,97.631,-0.011,-0.01%,0
"2025-09-12 15:00",97.595,97.642,97.594,97.642,0.048,+0.05%,0
"2025-09-12 14:48",97.587,97.607,97.584,97.594,0.007,+0.01%,0
"2025-09-12 14:36",97.601,97.604,97.583,97.587,-0.014,-0.01%,0
"2025-09-12 14:24",97.582,97.601,97.572,97.601,0.02,+0.02%,0
"2025-09-12 14:12",97.576,97.584,97.565,97.581,0.005,+0.01%,0
"2025-09-12 14:00",97.55,97.579,97.547,97.576,0.026,+0.03%,0
"2025-09-12 13:48",97.563,97.565,97.546,97.55,-0.013,-0.01%,0
"2025-09-12 13:36",97.587,97.591,97.562,97.563,-0.024,-0.02%,0
"2025-09-12 13:24",97.604,97.605,97.582,97.587,-0.017,-0.02%,0
"2025-09-12 13:12",97.603,97.609,97.584,97.604,0.001,0.00%,0
"2025-09-12 13:00",97.619,97.62,97.596,97.603,-0.016,-0.02%,0
"2025-09-12 12:48",97.595,97.619,97.579,97.619,0.024,+0.02%,0
"2025-09-12 12:36",97.596,97.606,97.593,97.595,-0.001,0.00%,0
"2025-09-12 12:24",97.595,97.609,97.587,97.596,0.001,0.00%,0
"2025-09-12 12:12",97.612,97.616,97.586,97.595,-0.017,-0.02%,0
"2025-09-12 12:00",97.66,97.66,97.611,97.612,-0.048,-0.05%,0
"2025-09-12 11:48",97.626,97.666,97.626,97.66,0.034,+0.03%,0
"2025-09-12 11:36",97.693,97.693,97.62,97.626,-0.067,-0.07%,0
"2025-09-12 11:24",97.738,97.739,97.688,97.693,-0.045,-0.05%,0
"2025-09-12 11:12",97.776,97.778,97.73,97.738,-0.038,-0.04%,0
"2025-09-12 11:00",97.766,97.793,97.76,97.776,0.009,+0.01%,0
"2025-09-12 10:48",97.732,97.769,97.726,97.767,0.035,+0.04%,0
"2025-09-12 10:36",97.738,97.751,97.709,97.732,-0.006,-0.01%,0
"2025-09-12 10:24",97.721,97.747,97.72,97.738,0.02,+0.02%,0
"2025-09-12 10:12",97.684,97.725,97.666,97.718,0.035,+0.04%,0
"2025-09-12 10:00",97.665,97.69,97.654,97.683,0.019,+0.02%,0
"2025-09-12 09:48",97.712,97.727,97.654,97.664,-0.049,-0.05%,0
"2025-09-12 09:36",97.658,97.726,97.657,97.713,0.055,+0.06%,0
"2025-09-12 09:24",97.655,97.676,97.644,97.658,0.001,0.00%,0
"2025-09-12 09:12",97.694,97.731,97.63,97.657,-0.039,-0.04%,0
"2025-09-12 09:00",97.738,97.747,97.669,97.696,-0.042,-0.04%,0
"2025-09-12 08:48",97.768,97.768,97.728,97.738,-0.03,-0.03%,0
"2025-09-12 08:36",97.817,97.817,97.768,97.768,-0.05,-0.05%,0
"2025-09-12 08:24",97.751,97.82,97.747,97.818,0.066,+0.07%,0
"2025-09-12 08:12",97.76,97.778,97.747,97.752,-0.008,-0.01%,0
"2025-09-12 08:00",97.766,97.788,97.739,97.76,-0.006,-0.01%,0
"2025-09-12 07:48",97.824,97.827,97.763,97.766,-0.057,-0.06%,0
"2025-09-12 07:36",97.831,97.864,97.821,97.823,-0.01,-0.01%,0
"2025-09-12 07:24",97.77,97.863,97.755,97.833,0.063,+0.06%,0
"2025-09-12 07:12",97.743,97.775,97.735,97.77,0.028,+0.03%,0
"2025-09-12 07:00",97.711,97.751,97.703,97.742,0.031,+0.03%,0
"2025-09-12 06:48",97.676,97.716,97.676,97.711,0.036,+0.04%,0
"2025-09-12 06:36",97.666,97.688,97.666,97.675,0.009,+0.01%,0
"2025-09-12 06:24",97.66,97.668,97.647,97.666,0.006,+0.01%,0
"2025-09-12 06:12",97.63,97.665,97.621,97.66,0.03,+0.03%,0
"2025-09-12 06:00",97.622,97.64,97.61,97.63,0.008,+0.01%,0
"2025-09-12 05:48",97.646,97.649,97.617,97.622,-0.024,-0.02%,0
"2025-09-12 05:36",97.652,97.67,97.625,97.646,-0.005,-0.01%,0
"2025-09-12 05:24",97.663,97.669,97.642,97.651,-0.014,-0.01%,0
"2025-09-12 05:12",97.688,97.698,97.662,97.665,-0.024,-0.02%,0
"2025-09-12 05:00",97.714,97.716,97.669,97.689,-0.025,-0.03%,0
"2025-09-12 04:48",97.743,97.754,97.709,97.714,-0.029,-0.03%,0
"2025-09-12 04:36",97.723,97.769,97.717,97.743,0.02,+0.02%,0
"2025-09-12 04:24",97.74,97.74,97.7,97.723,-0.018,-0.02%,0
"2025-09-12 04:12",97.761,97.762,97.729,97.741,-0.021,-0.02%,0
"2025-09-12 04:00",97.756,97.785,97.746,97.762,0.005,+0.01%,0
"2025-09-12 03:48",97.732,97.769,97.731,97.757,0.026,+0.03%,0
"2025-09-12 03:36",97.677,97.738,97.668,97.731,0.054,+0.06%,0
"2025-09-12 03:24",97.704,97.706,97.65,97.677,-0.027,-0.03%,0
"2025-09-12 03:12",97.624,97.704,97.615,97.704,0.08,+0.08%,0
"2025-09-12 03:00",97.552,97.625,97.552,97.624,0.072,+0.07%,0
"2025-09-12 02:48",97.552,97.559,97.543,97.552,0,0.00%,0
"2025-09-12 02:36",97.555,97.577,97.546,97.552,-0.004,0.00%,0
"2025-09-12 02:24",97.492,97.578,97.492,97.556,0.064,+0.07%,0
"2025-09-12 02:12",97.527,97.529,97.491,97.492,-0.034,-0.03%,0
"2025-09-12 02:00",97.556,97.556,97.496,97.526,-0.028,-0.03%,0
"2025-09-12 01:48",97.617,97.617,97.552,97.554,-0.064,-0.07%,0
"2025-09-12 01:36",97.635,97.635,97.61,97.618,-0.017,-0.02%,0
"2025-09-12 01:24",97.629,97.668,97.627,97.635,0.006,+0.01%,0
"2025-09-12 01:12",97.63,97.633,97.612,97.629,0,0.00%,0
"2025-09-12 01:00",97.593,97.654,97.593,97.629,0.036,+0.04%,0
"2025-09-12 00:48",97.59,97.6,97.587,97.593,0.004,0.00%,0
"2025-09-12 00:36",97.619,97.621,97.587,97.589,-0.031,-0.03%,0
"2025-09-12 00:24",97.637,97.64,97.615,97.62,-0.017,-0.02%,0
"2025-09-12 00:12",97.651,97.652,97.631,97.637,-0.014,-0.01%,0
"2025-09-12 00:00",97.642,97.657,97.64,97.651,0.009,+0.01%,0
"2025-09-11 23:48",97.653,97.653,97.636,97.642,-0.011,-0.01%,0
"2025-09-11 23:36",97.652,97.662,97.646,97.653,0.001,0.00%,0
"2025-09-11 23:24",97.654,97.661,97.644,97.652,-0.002,0.00%,0
"2025-09-11 23:12",97.664,97.674,97.654,97.654,-0.01,-0.01%,0
"2025-09-11 23:00",97.638,97.664,97.638,97.664,0.027,+0.03%,0
"2025-09-11 22:48",97.638,97.647,97.637,97.637,-0.001,0.00%,0
"2025-09-11 22:36",97.632,97.641,97.623,97.638,0.007,+0.01%,0
"2025-09-11 22:24",97.648,97.651,97.626,97.631,-0.017,-0.02%,0
"2025-09-11 22:12",97.649,97.651,97.635,97.648,-0.001,0.00%,0
"2025-09-11 22:00",97.626,97.653,97.626,97.649,0.024,+0.02%,0
"2025-09-11 21:48",97.641,97.641,97.62,97.625,-0.016,-0.02%,0
"2025-09-11 21:36",97.642,97.646,97.632,97.641,-0.001,0.00%,0
"2025-09-11 21:24",97.619,97.642,97.615,97.642,0.023,+0.02%,0
"2025-09-11 21:12",97.612,97.625,97.607,97.619,0.007,+0.01%,0
"2025-09-11 21:00",97.635,97.645,97.611,97.612,-0.024,-0.02%,0
"2025-09-11 20:48",97.613,97.636,97.612,97.636,0.023,+0.02%,0
"2025-09-11 20:36",97.602,97.62,97.599,97.613,0.01,+0.01%,0
"2025-09-11 20:24",97.61,97.614,97.589,97.603,-0.007,-0.01%,0
"2025-09-11 20:12",97.602,97.617,97.6,97.61,0.009,+0.01%,0
"2025-09-11 20:00",97.559,97.607,97.549,97.601,0.042,+0.04%,0
"2025-09-11 19:48",97.576,97.579,97.555,97.559,-0.017,-0.02%,0
"2025-09-11 19:36",97.593,97.6,97.576,97.576,-0.017,-0.02%,0
"2025-09-11 19:24",97.577,97.593,97.566,97.593,0.016,+0.02%,0
"2025-09-11 19:12",97.574,97.587,97.563,97.577,0.003,0.00%,0
"2025-09-11 19:00",97.557,97.581,97.544,97.574,0.021,+0.02%,0
"2025-09-11 18:48",97.543,97.554,97.537,97.553,0.011,+0.01%,0
"2025-09-11 18:36",97.533,97.543,97.531,97.542,0.024,+0.02%,0
"2025-09-11 18:24",97.518,97.518,97.518,97.518,0.018,+0.02%,0
"2025-09-11 17:00",97.544,97.546,97.5,97.5,-0.045,-0.05%,0
"2025-09-11 16:48",97.537,97.545,97.532,97.545,0.008,+0.01%,0
"2025-09-11 16:36",97.538,97.538,97.535,97.537,-0.001,0.00%,0
"2025-09-11 16:24",97.543,97.545,97.537,97.538,-0.005,-0.01%,0
"2025-09-11 16:12",97.548,97.55,97.539,97.543,-0.006,-0.01%,0
"2025-09-11 16:00",97.543,97.555,97.54,97.549,0.007,+0.01%,0
"2025-09-11 15:48",97.527,97.546,97.52,97.542,0.015,+0.02%,0
"2025-09-11 15:36",97.52,97.527,97.509,97.527,0.007,+0.01%,0
"2025-09-11 15:24",97.523,97.523,97.509,97.52,-0.003,0.00%,0
"2025-09-11 15:12",97.518,97.526,97.509,97.523,0.005,+0.01%,0
"2025-09-11 15:00",97.522,97.523,97.512,97.518,-0.003,0.00%,0
"2025-09-11 14:48",97.526,97.527,97.51,97.521,-0.005,-0.01%,0
"2025-09-11 14:36",97.535,97.543,97.525,97.526,-0.009,-0.01%,0
"2025-09-11 14:24",97.525,97.546,97.512,97.535,0.011,+0.01%,0
"2025-09-11 14:12",97.52,97.526,97.51,97.524,0.005,+0.01%,0
"2025-09-11 14:00",97.531,97.542,97.504,97.519,-0.012,-0.01%,0
"2025-09-11 13:48",97.55,97.551,97.514,97.531,-0.019,-0.02%,0
"2025-09-11 13:36",97.571,97.571,97.545,97.55,-0.021,-0.02%,0
"2025-09-11 13:24",97.559,97.571,97.554,97.571,0.013,+0.01%,0
"2025-09-11 13:12",97.543,97.568,97.543,97.558,0.016,+0.02%,0
"2025-09-11 13:00",97.575,97.58,97.538,97.542,-0.033,-0.03%,0
"2025-09-11 12:48",97.573,97.595,97.569,97.575,0.002,0.00%,0
"2025-09-11 12:36",97.534,97.577,97.532,97.573,0.039,+0.04%,0
"2025-09-11 12:24",97.518,97.544,97.504,97.534,0.016,+0.02%,0
"2025-09-11 12:12",97.521,97.537,97.504,97.518,-0.002,0.00%,0
"2025-09-11 12:00",97.517,97.542,97.511,97.52,0.003,0.00%,0
"2025-09-11 11:48",97.529,97.538,97.513,97.517,-0.012,-0.01%,0
"2025-09-11 11:36",97.508,97.537,97.501,97.529,0.021,+0.02%,0
"2025-09-11 11:24",97.517,97.539,97.508,97.508,-0.009,-0.01%,0
"2025-09-11 11:12",97.494,97.528,97.492,97.517,0.023,+0.02%,0
"2025-09-11 11:00",97.564,97.566,97.493,97.494,-0.07,-0.07%,0
"2025-09-11 10:48",97.561,97.57,97.549,97.564,0.003,0.00%,0
"2025-09-11 10:36",97.527,97.564,97.522,97.561,0.033,+0.03%,0
"2025-09-11 10:24",97.483,97.546,97.473,97.528,0.044,+0.05%,0
"2025-09-11 10:12",97.575,97.577,97.475,97.484,-0.091,-0.09%,0
"2025-09-11 10:00",97.6,97.627,97.562,97.575,-0.025,-0.03%,0
"2025-09-11 09:48",97.559,97.62,97.539,97.6,0.042,+0.04%,0
"2025-09-11 09:36",97.549,97.564,97.529,97.558,0.008,+0.01%,0
"2025-09-11 09:24",97.516,97.591,97.516,97.55,0.034,+0.03%,0
"2025-09-11 09:12",97.58,97.581,97.49,97.516,-0.064,-0.07%,0
"2025-09-11 09:00",97.57,97.588,97.518,97.58,0.012,+0.01%,0
"2025-09-11 08:48",97.656,97.662,97.558,97.568,-0.089,-0.09%,0
"2025-09-11 08:36",97.669,97.692,97.591,97.657,-0.012,-0.01%,0
"2025-09-11 08:24",97.663,97.713,97.655,97.669,0.005,+0.01%,0
"2025-09-11 08:12",97.627,97.749,97.623,97.664,0.034,+0.03%,0
"2025-09-11 08:00",97.733,97.733,97.583,97.63,-0.104,-0.11%,0
"2025-09-11 07:48",97.865,97.893,97.714,97.734,-0.133,-0.14%,0
"2025-09-11 07:36",97.694,97.886,97.69,97.867,0.172,+0.18%,0
"2025-09-11 07:24",98.008,98.087,97.689,97.695,-0.312,-0.32%,0
"2025-09-11 07:12",97.98,98.084,97.968,98.007,0.027,+0.03%,0
"2025-09-11 07:00",97.997,97.997,97.949,97.98,-0.017,-0.02%,0
"2025-09-11 06:48",97.981,98.003,97.937,97.997,0.016,+0.02%,0
"2025-09-11 06:36",97.975,98.014,97.971,97.981,0.007,+0.01%,0
"2025-09-11 06:24",97.972,97.982,97.96,97.974,0.003,0.00%,0
"2025-09-11 06:12",97.944,97.976,97.936,97.971,0.028,+0.03%,0
"2025-09-11 06:00",97.99,97.996,97.939,97.943,-0.047,-0.05%,0
"2025-09-11 05:48",98,98.014,97.985,97.99,-0.01,-0.01%,0
"2025-09-11 05:36",97.99,98,97.971,98,0.011,+0.01%,0
"2025-09-11 05:24",97.98,97.995,97.973,97.989,0.009,+0.01%,0
"2025-09-11 05:12",97.969,97.98,97.959,97.98,0.012,+0.01%,0
"2025-09-11 05:00",97.981,97.994,97.968,97.968,-0.013,-0.01%,0
"2025-09-11 04:48",97.983,97.996,97.973,97.981,0.001,0.00%,0
"2025-09-11 04:36",97.97,98.036,97.964,97.98,0.01,+0.01%,0
"2025-09-11 04:24",97.963,97.982,97.943,97.97,0.006,+0.01%,0
"2025-09-11 04:12",97.96,97.977,97.945,97.964,0.003,0.00%,0
"2025-09-11 04:00",97.926,97.973,97.92,97.961,0.036,+0.04%,0
"2025-09-11 03:48",97.911,97.929,97.899,97.925,0.015,+0.02%,0
"2025-09-11 03:36",97.905,97.924,97.901,97.91,0.005,+0.01%,0
"2025-09-11 03:24",97.908,97.922,97.899,97.905,0,0.00%,0
"2025-09-11 03:12",97.93,97.937,97.897,97.905,-0.025,-0.03%,0
"2025-09-11 03:00",97.915,97.939,97.906,97.93,0.015,+0.02%,0
"2025-09-11 02:48",97.911,97.932,97.904,97.915,0.004,0.00%,0
"2025-09-11 02:36",97.932,97.935,97.899,97.911,-0.021,-0.02%,0
"2025-09-11 02:24",97.931,97.959,97.914,97.932,0,0.00%,0
"2025-09-11 02:12",97.901,97.937,97.881,97.932,0.029,+0.03%,0
"2025-09-11 02:00",97.917,97.933,97.891,97.903,-0.014,-0.01%,0
"2025-09-11 01:48",97.903,97.939,97.885,97.917,0.014,+0.01%,0
"2025-09-11 01:36",97.911,97.924,97.896,97.903,-0.007,-0.01%,0
"2025-09-11 01:24",97.913,97.915,97.89,97.91,-0.003,0.00%,0
"2025-09-11 01:12",97.909,97.963,97.906,97.913,0.004,0.00%,0
"2025-09-11 01:00",97.909,97.938,97.866,97.909,0,0.00%,0
"2025-09-11 00:48",97.864,97.911,97.861,97.909,0.046,+0.05%,0
"2025-09-11 00:36",97.848,97.868,97.843,97.863,0.016,+0.02%,0
"2025-09-11 00:24",97.854,97.871,97.847,97.847,-0.007,-0.01%,0
"2025-09-11 00:12",97.853,97.866,97.852,97.854,0.001,0.00%,0
"2025-09-11 00:00",97.828,97.853,97.828,97.853,0.025,+0.03%,0
"2025-09-10 23:48",97.844,97.853,97.828,97.828,-0.017,-0.02%,0
"2025-09-10 23:36",97.845,97.851,97.84,97.845,0,0.00%,0
"2025-09-10 23:24",97.85,97.86,97.837,97.845,-0.005,-0.01%,0
"2025-09-10 23:12",97.845,97.853,97.843,97.85,0.005,+0.01%,0
"2025-09-10 23:00",97.847,97.852,97.841,97.845,-0.002,0.00%,0
"2025-09-10 22:48",97.849,97.855,97.844,97.847,-0.002,0.00%,0
"2025-09-10 22:36",97.824,97.852,97.822,97.849,0.025,+0.03%,0
"2025-09-10 22:24",97.836,97.837,97.824,97.824,-0.012,-0.01%,0
"2025-09-10 22:12",97.83,97.844,97.823,97.836,0.006,+0.01%,0
"2025-09-10 22:00",97.846,97.848,97.819,97.83,-0.016,-0.02%,0
"2025-09-10 21:48",97.842,97.853,97.834,97.846,0.004,0.00%,0
"2025-09-10 21:36",97.851,97.853,97.834,97.842,-0.009,-0.01%,0
"2025-09-10 21:24",97.86,97.861,97.85,97.851,-0.009,-0.01%,0
"2025-09-10 21:12",97.825,97.864,97.825,97.86,0.035,+0.04%,0
"2025-09-10 21:00",97.829,97.834,97.822,97.825,-0.004,0.00%,0
"2025-09-10 20:48",97.821,97.832,97.815,97.829,0.007,+0.01%,0
"2025-09-10 20:36",97.808,97.822,97.802,97.822,0.014,+0.01%,0
"2025-09-10 20:24",97.839,97.839,97.792,97.808,-0.031,-0.03%,0
"2025-09-10 20:12",97.835,97.852,97.829,97.839,0.004,0.00%,0
"2025-09-10 20:00",97.857,97.863,97.83,97.835,-0.022,-0.02%,0
"2025-09-10 19:48",97.837,97.857,97.817,97.857,0.018,+0.02%,0
"2025-09-10 19:36",97.827,97.84,97.821,97.839,0.012,+0.01%,0
"2025-09-10 19:24",97.829,97.833,97.816,97.827,-0.003,0.00%,0
"2025-09-10 19:12",97.81,97.837,97.804,97.83,0.02,+0.02%,0
"2025-09-10 19:00",97.789,97.81,97.789,97.81,0.022,+0.02%,0
"2025-09-10 18:48",97.78,97.794,97.772,97.788,0.008,+0.01%,0
"2025-09-10 18:36",97.786,97.786,97.779,97.78,-0.006,-0.01%,0
"2025-09-10 18:24",97.786,97.786,97.786,97.786,-0.021,-0.02%,0
"2025-09-10 17:00",97.809,97.819,97.804,97.807,-0.003,0.00%,0
"2025-09-10 16:48",97.822,97.825,97.809,97.81,-0.012,-0.01%,0
"2025-09-10 16:36",97.823,97.828,97.817,97.822,-0.001,0.00%,0
"2025-09-10 16:24",97.834,97.835,97.823,97.823,-0.01,-0.01%,0
"2025-09-10 16:12",97.827,97.836,97.826,97.833,0.006,+0.01%,0
"2025-09-10 16:00",97.853,97.853,97.823,97.827,-0.026,-0.03%,0
"2025-09-10 15:48",97.849,97.857,97.843,97.853,0.005,+0.01%,0
"2025-09-10 15:36",97.845,97.848,97.839,97.848,0.004,0.00%,0
"2025-09-10 15:24",97.833,97.845,97.827,97.844,0.011,+0.01%,0
"2025-09-10 15:12",97.82,97.838,97.818,97.833,0.012,+0.01%,0
"2025-09-10 15:00",97.814,97.824,97.802,97.821,0.007,+0.01%,0
"2025-09-10 14:48",97.839,97.839,97.813,97.814,-0.025,-0.03%,0
"2025-09-10 14:36",97.859,97.868,97.837,97.839,-0.021,-0.02%,0
"2025-09-10 14:24",97.832,97.863,97.822,97.86,0.028,+0.03%,0
"2025-09-10 14:12",97.81,97.84,97.808,97.832,0.022,+0.02%,0
"2025-09-10 14:00",97.78,97.81,97.78,97.81,0.03,+0.03%,0
"2025-09-10 13:48",97.79,97.798,97.78,97.78,-0.01,-0.01%,0
"2025-09-10 13:36",97.749,97.791,97.747,97.79,0.041,+0.04%,0
"2025-09-10 13:24",97.736,97.751,97.728,97.749,0.014,+0.01%,0
"2025-09-10 13:12",97.758,97.768,97.734,97.735,-0.022,-0.02%,0
"2025-09-10 13:00",97.779,97.785,97.757,97.757,-0.022,-0.02%,0
"2025-09-10 12:48",97.793,97.797,97.771,97.779,-0.014,-0.01%,0
"2025-09-10 12:36",97.8,97.8,97.778,97.793,-0.007,-0.01%,0
"2025-09-10 12:24",97.771,97.806,97.77,97.8,0.029,+0.03%,0
"2025-09-10 12:12",97.732,97.776,97.729,97.771,0.04,+0.04%,0
"2025-09-10 12:00",97.776,97.783,97.731,97.731,-0.045,-0.05%,0
"2025-09-10 11:48",97.75,97.793,97.75,97.776,0.026,+0.03%,0
"2025-09-10 11:36",97.756,97.762,97.739,97.75,-0.006,-0.01%,0
"2025-09-10 11:24",97.723,97.764,97.711,97.756,0.033,+0.03%,0
"2025-09-10 11:12",97.716,97.743,97.712,97.723,0.007,+0.01%,0
"2025-09-10 11:00",97.707,97.731,97.695,97.716,0.01,+0.01%,0
"2025-09-10 10:48",97.677,97.713,97.664,97.706,0.029,+0.03%,0
"2025-09-10 10:36",97.652,97.688,97.646,97.677,0.024,+0.02%,0
"2025-09-10 10:24",97.679,97.693,97.647,97.653,-0.026,-0.03%,0
"2025-09-10 10:12",97.62,97.682,97.612,97.679,0.059,+0.06%,0
"2025-09-10 10:00",97.626,97.633,97.613,97.62,-0.006,-0.01%,0
"2025-09-10 09:48",97.61,97.668,97.601,97.626,0.017,+0.02%,0
"2025-09-10 09:36",97.614,97.638,97.606,97.609,-0.005,-0.01%,0
"2025-09-10 09:24",97.664,97.691,97.607,97.614,-0.05,-0.05%,0
"2025-09-10 09:12",97.616,97.664,97.602,97.664,0.049,+0.05%,0
"2025-09-10 09:00",97.658,97.662,97.595,97.615,-0.044,-0.05%,0
"2025-09-10 08:48",97.666,97.681,97.647,97.659,-0.007,-0.01%,0
"2025-09-10 08:36",97.664,97.677,97.636,97.666,0.003,0.00%,0
"2025-09-10 08:24",97.707,97.713,97.646,97.663,-0.044,-0.05%,0
"2025-09-10 08:12",97.79,97.796,97.707,97.707,-0.082,-0.08%,0
"2025-09-10 08:00",97.817,97.845,97.754,97.789,-0.028,-0.03%,0
"2025-09-10 07:48",97.772,97.873,97.772,97.817,0.043,+0.04%,0
"2025-09-10 07:36",97.707,97.8,97.689,97.774,0.066,+0.07%,0
"2025-09-10 07:24",97.865,97.865,97.628,97.708,-0.157,-0.16%,0
"2025-09-10 07:12",97.795,97.878,97.789,97.865,0.07,+0.07%,0
"2025-09-10 07:00",97.788,97.806,97.751,97.795,0.005,+0.01%,0
"2025-09-10 06:48",97.82,97.82,97.774,97.79,-0.03,-0.03%,0
"2025-09-10 06:36",97.815,97.849,97.812,97.82,0.005,+0.01%,0
"2025-09-10 06:24",97.8,97.821,97.8,97.815,0.015,+0.02%,0
"2025-09-10 06:12",97.813,97.815,97.793,97.8,-0.014,-0.01%,0
"2025-09-10 06:00",97.807,97.834,97.807,97.814,0.007,+0.01%,0
"2025-09-10 05:48",97.784,97.811,97.772,97.807,0.023,+0.02%,0
"2025-09-10 05:36",97.816,97.819,97.781,97.784,-0.031,-0.03%,0
"2025-09-10 05:24",97.783,97.828,97.783,97.815,0.032,+0.03%,0
"2025-09-10 05:12",97.752,97.787,97.752,97.783,0.031,+0.03%,0
"2025-09-10 05:00",97.72,97.757,97.713,97.752,0.034,+0.03%,0
"2025-09-10 04:48",97.72,97.725,97.696,97.718,-0.002,0.00%,0
"2025-09-10 04:36",97.739,97.765,97.717,97.72,-0.02,-0.02%,0
"2025-09-10 04:24",97.769,97.771,97.732,97.74,-0.029,-0.03%,0
"2025-09-10 04:12",97.794,97.805,97.768,97.769,-0.024,-0.02%,0
"2025-09-10 04:00",97.813,97.825,97.779,97.793,-0.02,-0.02%,0
"2025-09-10 03:48",97.833,97.835,97.81,97.813,-0.02,-0.02%,0
"2025-09-10 03:36",97.876,97.879,97.833,97.833,-0.043,-0.04%,0
"2025-09-10 03:24",97.844,97.882,97.83,97.876,0.031,+0.03%,0
"2025-09-10 03:12",97.808,97.858,97.792,97.845,0.038,+0.04%,0
"2025-09-10 03:00",97.801,97.857,97.795,97.807,0.006,+0.01%,0
"2025-09-10 02:48",97.784,97.801,97.77,97.801,0.017,+0.02%,0
"2025-09-10 02:36",97.809,97.809,97.767,97.784,-0.025,-0.03%,0
"2025-09-10 02:24",97.819,97.824,97.783,97.809,-0.009,-0.01%,0
"2025-09-10 02:12",97.843,97.868,97.817,97.818,-0.025,-0.03%,0
"2025-09-10 02:00",97.862,97.932,97.822,97.843,-0.022,-0.02%,0
"2025-09-10 01:48",97.738,97.883,97.727,97.865,0.128,+0.13%,0
"2025-09-10 01:36",97.777,97.786,97.734,97.737,-0.04,-0.04%,0
"2025-09-10 01:24",97.718,97.778,97.718,97.777,0.06,+0.06%,0
"2025-09-10 01:12",97.746,97.747,97.693,97.717,-0.029,-0.03%,0
"2025-09-10 01:00",97.759,97.764,97.715,97.746,-0.013,-0.01%,0
"2025-09-10 00:48",97.763,97.785,97.745,97.759,-0.005,-0.01%,0
"2025-09-10 00:36",97.723,97.764,97.718,97.764,0.041,+0.04%,0
"2025-09-10 00:24",97.712,97.723,97.704,97.723,0.011,+0.01%,0
"2025-09-10 00:12",97.708,97.716,97.705,97.712,0.004,0.00%,0
"2025-09-10 00:00",97.711,97.728,97.703,97.708,-0.002,0.00%,0
"2025-09-09 23:48",97.741,97.743,97.71,97.71,-0.031,-0.03%,0
"2025-09-09 23:36",97.747,97.758,97.741,97.741,-0.005,-0.01%,0
"2025-09-09 23:24",97.758,97.759,97.741,97.746,-0.012,-0.01%,0
"2025-09-09 23:12",97.769,97.769,97.753,97.758,-0.011,-0.01%,0
"2025-09-09 23:00",97.771,97.779,97.764,97.769,-0.002,0.00%,0
"2025-09-09 22:48",97.753,97.771,97.752,97.771,0.017,+0.02%,0
"2025-09-09 22:36",97.768,97.77,97.747,97.754,-0.015,-0.02%,0
"2025-09-09 22:24",97.758,97.77,97.758,97.769,0.011,+0.01%,0
"2025-09-09 22:12",97.768,97.773,97.758,97.758,-0.009,-0.01%,0
"2025-09-09 22:00",97.77,97.774,97.757,97.767,-0.003,0.00%,0
"2025-09-09 21:48",97.787,97.792,97.769,97.77,-0.017,-0.02%,0
"2025-09-09 21:36",97.782,97.793,97.777,97.787,0.005,+0.01%,0
"2025-09-09 21:24",97.772,97.796,97.769,97.782,0.01,+0.01%,0
"2025-09-09 21:12",97.789,97.794,97.769,97.772,-0.017,-0.02%,0
"2025-09-09 21:00",97.829,97.83,97.777,97.789,-0.039,-0.04%,0
"2025-09-09 20:48",97.838,97.842,97.801,97.828,-0.01,-0.01%,0
"2025-09-09 20:36",97.877,97.877,97.829,97.838,-0.04,-0.04%,0
"2025-09-09 20:24",97.888,97.908,97.876,97.878,-0.01,-0.01%,0
"2025-09-09 20:12",97.861,97.888,97.847,97.888,0.027,+0.03%,0
"2025-09-09 20:00",97.845,97.88,97.827,97.861,0.016,+0.02%,0
"2025-09-09 19:48",97.839,97.849,97.831,97.845,0.007,+0.01%,0
"2025-09-09 19:36",97.837,97.843,97.83,97.838,0.002,0.00%,0
"2025-09-09 19:24",97.839,97.846,97.815,97.836,-0.005,-0.01%,0
"2025-09-09 19:12",97.832,97.846,97.82,97.841,0.009,+0.01%,0
"2025-09-09 19:00",97.809,97.855,97.809,97.832,0.023,+0.02%,0
"2025-09-09 18:48",97.823,97.823,97.807,97.809,-0.013,-0.01%,0
"2025-09-09 18:36",97.831,97.834,97.822,97.822,0.078,+0.08%,0
"2025-09-09 17:00",97.756,97.764,97.744,97.744,-0.01,-0.01%,0
"2025-09-09 16:48",97.759,97.761,97.752,97.754,-0.005,-0.01%,0
"2025-09-09 16:36",97.769,97.771,97.758,97.759,-0.01,-0.01%,0
"2025-09-09 16:24",97.773,97.775,97.762,97.769,-0.004,0.00%,0
"2025-09-09 16:12",97.759,97.774,97.751,97.773,0.014,+0.01%,0
"2025-09-09 16:00",97.77,97.771,97.756,97.759,-0.011,-0.01%,0
"2025-09-09 15:48",97.764,97.774,97.757,97.77,0.006,+0.01%,0
"2025-09-09 15:36",97.797,97.799,97.763,97.764,-0.031,-0.03%,0
"2025-09-09 15:24",97.788,97.807,97.788,97.795,0.007,+0.01%,0
"2025-09-09 15:12",97.809,97.812,97.782,97.788,-0.02,-0.02%,0
"2025-09-09 15:00",97.8,97.815,97.796,97.808,0.008,+0.01%,0
"2025-09-09 14:48",97.8,97.807,97.796,97.8,0,0.00%,0
"2025-09-09 14:36",97.787,97.808,97.786,97.8,0.013,+0.01%,0
"2025-09-09 14:24",97.807,97.807,97.772,97.787,-0.02,-0.02%,0
"2025-09-09 14:12",97.798,97.812,97.796,97.807,0.009,+0.01%,0
"2025-09-09 14:00",97.788,97.809,97.784,97.798,0.01,+0.01%,0
"2025-09-09 13:48",97.794,97.798,97.782,97.788,-0.006,-0.01%,0
"2025-09-09 13:36",97.792,97.799,97.775,97.794,0.003,0.00%,0
"2025-09-09 13:24",97.793,97.801,97.778,97.791,-0.002,0.00%,0
"2025-09-09 13:12",97.736,97.793,97.736,97.793,0.057,+0.06%,0
"2025-09-09 13:00",97.765,97.789,97.731,97.736,-0.028,-0.03%,0
"2025-09-09 12:48",97.714,97.769,97.708,97.764,0.05,+0.05%,0
"2025-09-09 12:36",97.706,97.758,97.69,97.714,0.007,+0.01%,0
"2025-09-09 12:24",97.689,97.72,97.687,97.707,0.018,+0.02%,0
"2025-09-09 12:12",97.697,97.705,97.679,97.689,-0.008,-0.01%,0
"2025-09-09 12:00",97.69,97.705,97.661,97.697,0.008,+0.01%,0
"2025-09-09 11:48",97.678,97.695,97.67,97.689,0.01,+0.01%,0
"2025-09-09 11:36",97.645,97.695,97.616,97.679,0.034,+0.03%,0
"2025-09-09 11:24",97.671,97.671,97.633,97.645,-0.028,-0.03%,0
"2025-09-09 11:12",97.66,97.708,97.637,97.673,0.013,+0.01%,0
"2025-09-09 11:00",97.676,97.687,97.66,97.66,-0.016,-0.02%,0
"2025-09-09 10:48",97.676,97.688,97.653,97.676,0,0.00%,0
"2025-09-09 10:36",97.667,97.676,97.649,97.676,0.008,+0.01%,0
"2025-09-09 10:24",97.718,97.718,97.641,97.668,-0.05,-0.05%,0
"2025-09-09 10:12",97.677,97.724,97.666,97.718,0.042,+0.04%,0
"2025-09-09 10:00",97.6,97.686,97.597,97.676,0.076,+0.08%,0
"2025-09-09 09:48",97.568,97.626,97.558,97.6,0.033,+0.03%,0
"2025-09-09 09:36",97.63,97.648,97.55,97.567,-0.066,-0.07%,0
"2025-09-09 09:24",97.551,97.639,97.521,97.633,0.082,+0.08%,0
"2025-09-09 09:12",97.53,97.596,97.51,97.551,0.02,+0.02%,0
"2025-09-09 09:00",97.501,97.625,97.352,97.531,0.032,+0.03%,0
"2025-09-09 08:48",97.447,97.52,97.442,97.499,0.052,+0.05%,0
"2025-09-09 08:36",97.498,97.498,97.444,97.447,-0.05,-0.05%,0
"2025-09-09 08:24",97.509,97.52,97.482,97.497,-0.012,-0.01%,0
"2025-09-09 08:12",97.536,97.536,97.486,97.509,-0.026,-0.03%,0
"2025-09-09 08:00",97.538,97.557,97.517,97.535,-0.003,0.00%,0
"2025-09-09 07:48",97.59,97.59,97.536,97.538,-0.051,-0.05%,0
"2025-09-09 07:36",97.57,97.604,97.567,97.589,0.019,+0.02%,0
"2025-09-09 07:24",97.522,97.585,97.507,97.57,0.048,+0.05%,0
"2025-09-09 07:12",97.494,97.529,97.475,97.522,0.028,+0.03%,0
"2025-09-09 07:00",97.487,97.528,97.473,97.494,0.006,+0.01%,0
"2025-09-09 06:48",97.436,97.491,97.436,97.488,0.052,+0.05%,0
"2025-09-09 06:36",97.423,97.438,97.407,97.436,0.013,+0.01%,0
"2025-09-09 06:24",97.401,97.427,97.398,97.423,0.021,+0.02%,0
"2025-09-09 06:12",97.397,97.406,97.389,97.402,0.004,0.00%,0
"2025-09-09 06:00",97.382,97.408,97.376,97.398,0.015,+0.02%,0
"2025-09-09 05:48",97.358,97.388,97.356,97.383,0.026,+0.03%,0
"2025-09-09 05:36",97.342,97.375,97.342,97.357,0.015,+0.02%,0
"2025-09-09 05:24",97.308,97.343,97.297,97.342,0.034,+0.03%,0
"2025-09-09 05:12",97.292,97.31,97.271,97.308,0.016,+0.02%,0
"2025-09-09 05:00",97.28,97.301,97.26,97.292,0.012,+0.01%,0
"2025-09-09 04:48",97.305,97.305,97.253,97.28,-0.025,-0.03%,0
"2025-09-09 04:36",97.27,97.306,97.259,97.305,0.036,+0.04%,0
"2025-09-09 04:24",97.32,97.32,97.254,97.269,-0.051,-0.05%,0
"2025-09-09 04:12",97.285,97.322,97.28,97.32,0.034,+0.03%,0
"2025-09-09 04:00",97.359,97.36,97.286,97.286,-0.072,-0.07%,0
"2025-09-09 03:48",97.384,97.398,97.354,97.358,-0.026,-0.03%,0
"2025-09-09 03:36",97.413,97.428,97.349,97.384,-0.029,-0.03%,0
"2025-09-09 03:24",97.472,97.473,97.376,97.413,-0.058,-0.06%,0
"2025-09-09 03:12",97.504,97.513,97.431,97.471,-0.033,-0.03%,0
"2025-09-09 03:00",97.46,97.517,97.454,97.504,0.043,+0.04%,0
"2025-09-09 02:48",97.499,97.503,97.452,97.461,-0.038,-0.04%,0
"2025-09-09 02:36",97.376,97.501,97.373,97.499,0.123,+0.13%,0
"2025-09-09 02:24",97.361,97.389,97.357,97.376,0.015,+0.02%,0
"2025-09-09 02:12",97.362,97.403,97.346,97.361,-0.001,0.00%,0
"2025-09-09 02:00",97.372,97.383,97.35,97.362,-0.012,-0.01%,0
"2025-09-09 01:48",97.412,97.429,97.359,97.374,-0.038,-0.04%,0
"2025-09-09 01:36",97.337,97.421,97.334,97.412,0.075,+0.08%,0
"2025-09-09 01:24",97.313,97.364,97.307,97.337,0.024,+0.02%,0
"2025-09-09 01:12",97.311,97.337,97.303,97.313,0.002,0.00%,0
"2025-09-09 01:00",97.269,97.323,97.259,97.311,0.043,+0.04%,0
"2025-09-09 00:48",97.292,97.298,97.262,97.268,-0.023,-0.02%,0
"2025-09-09 00:36",97.329,97.331,97.283,97.291,-0.038,-0.04%,0
"2025-09-09 00:24",97.333,97.336,97.313,97.329,-0.004,0.00%,0
"2025-09-09 00:12",97.316,97.342,97.311,97.333,0.018,+0.02%,0
"2025-09-09 00:00",97.333,97.343,97.303,97.315,-0.018,-0.02%,0
"2025-09-08 23:48",97.339,97.339,97.318,97.333,-0.006,-0.01%,0
"2025-09-08 23:36",97.361,97.366,97.339,97.339,-0.022,-0.02%,0
"2025-09-08 23:24",97.382,97.384,97.354,97.361,-0.022,-0.02%,0
"2025-09-08 23:12",97.402,97.403,97.382,97.383,-0.019,-0.02%,0
"2025-09-08 23:00",97.423,97.425,97.4,97.402,-0.021,-0.02%,0
"2025-09-08 22:48",97.415,97.428,97.409,97.423,0.009,+0.01%,0
"2025-09-08 22:36",97.407,97.416,97.403,97.414,0.007,+0.01%,0
"2025-09-08 22:24",97.411,97.424,97.403,97.407,-0.004,0.00%,0
"2025-09-08 22:12",97.391,97.411,97.391,97.411,0.02,+0.02%,0
"2025-09-08 22:00",97.387,97.408,97.38,97.391,0.004,0.00%,0
"2025-09-08 21:48",97.363,97.393,97.36,97.387,0.024,+0.02%,0
"2025-09-08 21:36",97.362,97.369,97.351,97.363,0.002,0.00%,0
"2025-09-08 21:24",97.357,97.363,97.346,97.361,0.004,0.00%,0
"2025-09-08 21:12",97.335,97.359,97.327,97.357,0.023,+0.02%,0
"2025-09-08 21:00",97.341,97.344,97.326,97.334,-0.007,-0.01%,0
"2025-09-08 20:48",97.378,97.379,97.324,97.341,-0.036,-0.04%,0
"2025-09-08 20:36",97.39,97.394,97.374,97.377,-0.013,-0.01%,0
"2025-09-08 20:24",97.405,97.42,97.39,97.39,-0.015,-0.02%,0
"2025-09-08 20:12",97.381,97.408,97.375,97.405,0.024,+0.02%,0
"2025-09-08 20:00",97.378,97.393,97.367,97.381,0.002,0.00%,0
"2025-09-08 19:48",97.354,97.383,97.354,97.379,0.025,+0.03%,0
"2025-09-08 19:36",97.349,97.382,97.349,97.354,0.005,+0.01%,0
"2025-09-08 19:24",97.369,97.372,97.346,97.349,-0.02,-0.02%,0
"2025-09-08 19:12",97.4,97.41,97.369,97.369,-0.031,-0.03%,0
"2025-09-08 19:00",97.396,97.423,97.396,97.4,0.004,0.00%,0
"2025-09-08 18:48",97.39,97.4,97.39,97.396,0.006,+0.01%,0
"2025-09-08 18:36",97.381,97.394,97.38,97.39,-0.05,-0.05%,0
"2025-09-08 17:00",97.454,97.455,97.438,97.44,-0.015,-0.02%,0
"2025-09-08 16:48",97.467,97.473,97.452,97.455,-0.011,-0.01%,0
"2025-09-08 16:36",97.462,97.469,97.455,97.466,0.003,0.00%,0
"2025-09-08 16:24",97.462,97.469,97.461,97.463,0,0.00%,0
"2025-09-08 16:12",97.455,97.463,97.453,97.463,0.008,+0.01%,0
"2025-09-08 16:00",97.448,97.46,97.442,97.455,0.007,+0.01%,0
"2025-09-08 15:48",97.464,97.464,97.446,97.448,-0.016,-0.02%,0
"2025-09-08 15:36",97.443,97.471,97.441,97.464,0.022,+0.02%,0
"2025-09-08 15:24",97.459,97.466,97.442,97.442,-0.017,-0.02%,0
"2025-09-08 15:12",97.451,97.463,97.451,97.459,0.008,+0.01%,0
"2025-09-08 15:00",97.441,97.452,97.435,97.451,0.01,+0.01%,0
"2025-09-08 14:48",97.441,97.443,97.424,97.441,0,0.00%,0
"2025-09-08 14:36",97.449,97.455,97.439,97.441,-0.008,-0.01%,0
"2025-09-08 14:24",97.435,97.45,97.433,97.449,0.013,+0.01%,0
"2025-09-08 14:12",97.44,97.44,97.418,97.436,-0.004,0.00%,0
"2025-09-08 14:00",97.454,97.459,97.429,97.44,-0.014,-0.01%,0
"2025-09-08 13:48",97.503,97.508,97.446,97.454,-0.048,-0.05%,0
"2025-09-08 13:36",97.524,97.527,97.498,97.502,-0.022,-0.02%,0
"2025-09-08 13:24",97.534,97.538,97.517,97.524,-0.01,-0.01%,0
"2025-09-08 13:12",97.571,97.58,97.521,97.534,-0.037,-0.04%,0
"2025-09-08 13:00",97.626,97.626,97.567,97.571,-0.055,-0.06%,0
"2025-09-08 12:48",97.612,97.627,97.592,97.626,0.015,+0.02%,0
"2025-09-08 12:36",97.587,97.613,97.581,97.611,0.024,+0.02%,0
"2025-09-08 12:24",97.603,97.604,97.571,97.587,-0.016,-0.02%,0
"2025-09-08 12:12",97.638,97.639,97.603,97.603,-0.035,-0.04%,0
"2025-09-08 12:00",97.604,97.647,97.604,97.638,0.034,+0.03%,0
"2025-09-08 11:48",97.629,97.629,97.597,97.604,-0.025,-0.03%,0
"2025-09-08 11:36",97.598,97.654,97.598,97.629,0.031,+0.03%,0
"2025-09-08 11:24",97.547,97.604,97.545,97.598,0.052,+0.05%,0
"2025-09-08 11:12",97.531,97.552,97.531,97.546,0.015,+0.02%,0
"2025-09-08 11:00",97.53,97.541,97.518,97.531,0,0.00%,0
"2025-09-08 10:48",97.559,97.561,97.522,97.531,-0.029,-0.03%,0
"2025-09-08 10:36",97.556,97.574,97.533,97.56,0.005,+0.01%,0
"2025-09-08 10:24",97.531,97.561,97.527,97.555,0.024,+0.02%,0
"2025-09-08 10:12",97.543,97.548,97.517,97.531,-0.012,-0.01%,0
"2025-09-08 10:00",97.584,97.599,97.536,97.543,-0.041,-0.04%,0
"2025-09-08 09:48",97.601,97.613,97.583,97.584,-0.017,-0.02%,0
"2025-09-08 09:36",97.57,97.628,97.544,97.601,0.031,+0.03%,0
"2025-09-08 09:24",97.614,97.614,97.551,97.57,-0.044,-0.05%,0
"2025-09-08 09:12",97.566,97.621,97.565,97.614,0.048,+0.05%,0
"2025-09-08 09:00",97.536,97.567,97.515,97.566,0.03,+0.03%,0
"2025-09-08 08:48",97.53,97.544,97.507,97.536,0.007,+0.01%,0
"2025-09-08 08:36",97.491,97.537,97.481,97.529,0.039,+0.04%,0
"2025-09-08 08:24",97.519,97.53,97.472,97.49,-0.03,-0.03%,0
"2025-09-08 08:12",97.531,97.537,97.487,97.52,-0.011,-0.01%,0
"2025-09-08 08:00",97.594,97.605,97.53,97.531,-0.064,-0.07%,0
"2025-09-08 07:48",97.632,97.638,97.565,97.595,-0.037,-0.04%,0
"2025-09-08 07:36",97.644,97.659,97.608,97.632,-0.012,-0.01%,0
"2025-09-08 07:24",97.697,97.712,97.644,97.644,-0.051,-0.05%,0
"2025-09-08 07:12",97.679,97.695,97.652,97.695,0.016,+0.02%,0
"2025-09-08 07:00",97.666,97.69,97.64,97.679,0.013,+0.01%,0
"2025-09-08 06:48",97.652,97.692,97.647,97.666,0.014,+0.01%,0
"2025-09-08 06:36",97.651,97.664,97.641,97.652,0.001,0.00%,0
"2025-09-08 06:24",97.669,97.701,97.651,97.651,-0.018,-0.02%,0
"2025-09-08 06:12",97.677,97.682,97.654,97.669,-0.007,-0.01%,0
"2025-09-08 06:00",97.685,97.687,97.661,97.676,-0.008,-0.01%,0
"2025-09-08 05:48",97.703,97.704,97.674,97.684,-0.02,-0.02%,0
"2025-09-08 05:36",97.729,97.73,97.694,97.704,-0.026,-0.03%,0
"2025-09-08 05:24",97.742,97.751,97.723,97.73,-0.011,-0.01%,0
"2025-09-08 05:12",97.74,97.757,97.727,97.741,0.002,0.00%,0
"2025-09-08 05:00",97.729,97.756,97.729,97.739,0.01,+0.01%,0
"2025-09-08 04:48",97.699,97.729,97.695,97.729,0.03,+0.03%,0
"2025-09-08 04:36",97.71,97.71,97.697,97.699,-0.011,-0.01%,0
"2025-09-08 04:24",97.716,97.742,97.706,97.71,-0.006,-0.01%,0
"2025-09-08 04:12",97.738,97.744,97.698,97.716,-0.023,-0.02%,0
"2025-09-08 04:00",97.678,97.739,97.676,97.739,0.061,+0.06%,0
"2025-09-08 03:48",97.674,97.714,97.671,97.678,0.004,0.00%,0
"2025-09-08 03:36",97.682,97.693,97.665,97.674,-0.008,-0.01%,0
"2025-09-08 03:24",97.658,97.696,97.648,97.682,0.021,+0.02%,0
"2025-09-08 03:12",97.624,97.662,97.596,97.661,0.038,+0.04%,0
"2025-09-08 03:00",97.646,97.649,97.579,97.623,-0.022,-0.02%,0
"2025-09-08 02:48",97.658,97.672,97.645,97.645,-0.011,-0.01%,0
"2025-09-08 02:36",97.664,97.665,97.632,97.656,-0.009,-0.01%,0
"2025-09-08 02:24",97.7,97.716,97.665,97.665,-0.034,-0.03%,0
"2025-09-08 02:12",97.717,97.72,97.672,97.699,-0.018,-0.02%,0
"2025-09-08 02:00",97.71,97.748,97.686,97.717,0.007,+0.01%,0
"2025-09-08 01:48",97.78,97.78,97.706,97.71,-0.069,-0.07%,0
"2025-09-08 01:36",97.782,97.806,97.758,97.779,-0.003,0.00%,0
"2025-09-08 01:24",97.814,97.819,97.753,97.782,-0.033,-0.03%,0
"2025-09-08 01:12",97.786,97.831,97.754,97.815,0.027,+0.03%,0
"2025-09-08 01:00",97.824,97.825,97.788,97.788,-0.036,-0.04%,0
"2025-09-08 00:48",97.814,97.824,97.801,97.824,0.009,+0.01%,0
"2025-09-08 00:36",97.784,97.822,97.778,97.815,0.031,+0.03%,0
"2025-09-08 00:24",97.807,97.808,97.783,97.784,-0.023,-0.02%,0
"2025-09-08 00:12",97.814,97.821,97.798,97.807,-0.008,-0.01%,0
"2025-09-08 00:00",97.841,97.844,97.809,97.815,-0.025,-0.03%,0
"2025-09-07 23:48",97.835,97.841,97.83,97.84,0.005,+0.01%,0
"2025-09-07 23:36",97.844,97.851,97.833,97.835,-0.009,-0.01%,0
"2025-09-07 23:24",97.852,97.855,97.839,97.844,-0.008,-0.01%,0
"2025-09-07 23:12",97.876,97.896,97.851,97.852,-0.024,-0.02%,0
"2025-09-07 23:00",97.865,97.876,97.856,97.876,0.012,+0.01%,0
"2025-09-07 22:48",97.869,97.873,97.856,97.864,-0.005,-0.01%,0
"2025-09-07 22:36",97.842,97.872,97.839,97.869,0.027,+0.03%,0
"2025-09-07 22:24",97.82,97.848,97.812,97.842,0.022,+0.02%,0
"2025-09-07 22:12",97.825,97.837,97.815,97.82,-0.005,-0.01%,0
"2025-09-07 22:00",97.817,97.835,97.81,97.825,0.007,+0.01%,0
"2025-09-07 21:48",97.821,97.825,97.81,97.818,-0.003,0.00%,0
"2025-09-07 21:36",97.838,97.842,97.807,97.821,-0.017,-0.02%,0
"2025-09-07 21:24",97.85,97.855,97.833,97.838,-0.011,-0.01%,0
"2025-09-07 21:12",97.838,97.852,97.826,97.849,0.011,+0.01%,0
"2025-09-07 21:00",97.839,97.842,97.813,97.838,-0.002,0.00%,0
"2025-09-07 20:48",97.86,97.881,97.825,97.84,-0.02,-0.02%,0
"2025-09-07 20:36",97.858,97.889,97.85,97.86,0.003,0.00%,0
"2025-09-07 20:24",97.885,97.895,97.851,97.857,-0.027,-0.03%,0
"2025-09-07 20:12",97.856,97.89,97.843,97.884,0.026,+0.03%,0
"2025-09-07 20:00",97.864,97.864,97.831,97.858,-0.006,-0.01%,0
"2025-09-07 19:48",97.912,97.916,97.86,97.864,-0.049,-0.05%,0
"2025-09-07 19:36",97.922,97.923,97.903,97.913,-0.009,-0.01%,0
"2025-09-07 19:24",97.918,97.922,97.893,97.922,0.004,0.00%,0
"2025-09-07 19:12",97.921,97.942,97.917,97.918,-0.004,0.00%,0
"2025-09-07 19:00",97.862,97.934,97.852,97.922,0.06,+0.06%,0
"2025-09-07 18:48",97.861,97.877,97.844,97.862,0.001,0.00%,0
"2025-09-07 18:36",97.889,97.891,97.843,97.861,-0.028,-0.03%,0
"2025-09-07 18:24",97.881,97.893,97.877,97.889,0.008,+0.01%,0
"2025-09-07 18:12",97.887,97.899,97.881,97.881,-0.006,-0.01%,0
"2025-09-07 18:00",97.909,97.91,97.867,97.887,-0.022,-0.02%,0
"2025-09-07 17:48",97.915,97.916,97.901,97.909,-0.005,-0.01%,0
"2025-09-07 17:36",97.877,97.925,97.877,97.914,0.037,+0.04%,0
"2025-09-07 17:24",97.856,97.886,97.843,97.877,0.021,+0.02%,0
"2025-09-07 17:12",97.848,97.874,97.846,97.856,0.008,+0.01%,0
"2025-09-07 17:00",97.79,97.863,97.786,97.848,0.112,+0.11%,0
"Downloaded from Barchart.com as of 09-18-2025 03:39am CDT"
